Tiktok_id,uniqueId,nickname,avatarLarger,avatarMedium,avatarThumb,Account_verified,privateAccount,followers_Count,following_Count,videoCount,heartCount,friends_Count,diggCount
7483272463976055816,bevskieh,bevskieh,https://p16-sign-sg.tiktokcdn.com/tos-alisg-avt-0068/91567369e5c13601cd52e1a8ce9f3c98~tplv-tiktokx-cropcenter:1080:1080.jpeg?dr=10399&refresh_token=8cb839c6&x-expires=1757311200&x-signature=KfBE3JIpSA0eXvqXfH5Zy7s0%2Bww%3D&t=4d5b0474&ps=13740610&shp=a5d48078&shcp=81f88b70&idc=no1a,https://p16-sign-sg.tiktokcdn.com/tos-alisg-avt-0068/91567369e5c13601cd52e1a8ce9f3c98~tplv-tiktokx-cropcenter:720:720.jpeg?dr=10399&refresh_token=022c6eba&x-expires=1757311200&x-signature=iwcc%2Bc2jKQI19rkXG6cSPUvWXos%3D&t=4d5b0474&ps=13740610&shp=a5d48078&shcp=81f88b70&idc=no1a,https://p16-sign-sg.tiktokcdn.com/tos-alisg-avt-0068/91567369e5c13601cd52e1a8ce9f3c98~tplv-tiktokx-cropcenter:100:100.jpeg?dr=10399&refresh_token=e41d9c69&x-expires=1757311200&x-signature=2aiUqmD24qqQbV78AwZ4fjS9yuc%3D&t=4d5b0474&ps=13740610&shp=a5d48078&shcp=81f88b70&idc=no1a,False,False,10,66,0,0,0,244
7438484761930990600,jhen.abings,Jhen Abings,https://p16-sign-sg.tiktokcdn.com/tos-alisg-avt-0068/6b3c581fd58fc4e04c341de64abb6c4d~tplv-tiktokx-cropcenter:1080:1080.jpeg?dr=10399&refresh_token=344ef043&x-expires=1757311200&x-signature=4iOknuux4RzMI1dHoFgMdj8nCgw%3D&t=4d5b0474&ps=13740610&shp=a5d48078&shcp=81f88b70&idc=no1a,https://p16-sign-sg.tiktokcdn.com/tos-alisg-avt-0068/6b3c581fd58fc4e04c341de64abb6c4d~tplv-tiktokx-cropcenter:720:720.jpeg?dr=10399&refresh_token=f12534a2&x-expires=1757311200&x-signature=Qz%2FtzdSLXXPPAE%2BB79C1rXBmAy4%3D&t=4d5b0474&ps=13740610&shp=a5d48078&shcp=81f88b70&idc=no1a,https://p16-sign-sg.tiktokcdn.com/tos-alisg-avt-0068/6b3c581fd58fc4e04c341de64abb6c4d~tplv-tiktokx-cropcenter:100:100.jpeg?dr=10399&refresh_token=31262ef3&x-expires=1757311200&x-signature=3eGMAaH6UlnGrzcnWkPU5SSNQF8%3D&t=4d5b0474&ps=13740610&shp=a5d48078&shcp=81f88b70&idc=no1a,False,False,3,24,15,14,0,31
6739505040611214341,tswift14754357,idk,https://p16-sign-va.tiktokcdn.com/tos-maliva-avt-0068/c8e5a2c30dc7a5d9f99ff90280bd30e5~tplv-tiktokx-cropcenter:1080:1080.jpeg?dr=10399&refresh_token=9eea772e&x-expires=1757311200&x-signature=n1Fga0p%2Fa6YDVv1OThTThynocuk%3D&t=4d5b0474&ps=13740610&shp=a5d48078&shcp=81f88b70&idc=no1a,https://p16-sign-va.tiktokcdn.com/tos-maliva-avt-0068/c8e5a2c30dc7a5d9f99ff90280bd30e5~tplv-tiktokx-cropcenter:720:720.jpeg?dr=10399&refresh_token=ab7b11ff&x-expires=1757311200&x-signature=c2YvXOw7VEYLSojfXt%2BNjFvLzko%3D&t=4d5b0474&ps=13740610&shp=a5d48078&shcp=81f88b70&idc=no1a,https://p16-sign-va.tiktokcdn.com/tos-maliva-avt-0068/c8e5a2c30dc7a5d9f99ff90280bd30e5~tplv-tiktokx-cropcenter:100:100.jpeg?dr=10399&refresh_token=62045d2e&x-expires=1757311200&x-signature=05U2cc6j8upn53yeZGbBwkG8w8s%3D&t=4d5b0474&ps=13740610&shp=a5d48078&shcp=81f88b70&idc=no1a,False,True,4,17,0,0,0,4351
7500486682581566482,iammm2.1,kth🐣,https://p16-sign-sg.tiktokcdn.com/tos-alisg-avt-0068/d0aa48bafeb35abd6f5000ae4434daa8~tplv-tiktokx-cropcenter:1080:1080.jpeg?dr=10399&refresh_token=9354d8b7&x-expires=1757311200&x-signature=xFPFCl2Ty509Dzre6DjtruQbUGI%3D&t=4d5b0474&ps=13740610&shp=a5d48078&shcp=81f88b70&idc=no1a,https://p16-sign-sg.tiktokcdn.com/tos-alisg-avt-0068/d0aa48bafeb35abd6f5000ae4434daa8~tplv-tiktokx-cropcenter:720:720.jpeg?dr=10399&refresh_token=088828e1&x-expires=1757311200&x-signature=DfFGWx2xDBEVQSl12HpQoGoGkyI%3D&t=4d5b0474&ps=13740610&shp=a5d48078&shcp=81f88b70&idc=no1a,https://p16-sign-sg.tiktokcdn.com/tos-alisg-avt-0068/d0aa48bafeb35abd6f5000ae4434daa8~tplv-tiktokx-cropcenter:100:100.jpeg?dr=10399&refresh_token=9987b795&x-expires=1757311200&x-signature=X5xQfLHu2TBaR1gO12NABDSz7jw%3D&t=4d5b0474&ps=13740610&shp=a5d48078&shcp=81f88b70&idc=no1a,False,False,23,26,7,29,0,11200
7291170210697118725,virginyamrtns,the virgin 🫏,https://p16-sign-sg.tiktokcdn.com/tos-alisg-avt-0068/e4e1f27d3a470f0de0ebc82d61fca405~tplv-tiktokx-cropcenter:1080:1080.jpeg?dr=10399&refresh_token=8598877c&x-expires=1757311200&x-signature=6h6flLjVmuinC7JsDCQsv%2BIGDvc%3D&t=4d5b0474&ps=13740610&shp=a5d48078&shcp=81f88b70&idc=no1a,https://p16-sign-sg.tiktokcdn.com/tos-alisg-avt-0068/e4e1f27d3a470f0de0ebc82d61fca405~tplv-tiktokx-cropcenter:720:720.jpeg?dr=10399&refresh_token=b1df2b5c&x-expires=1757311200&x-signature=Iyyg%2F5qQtYmxrjS46klpfL66CKg%3D&t=4d5b0474&ps=13740610&shp=a5d48078&shcp=81f88b70&idc=no1a,https://p16-sign-sg.tiktokcdn.com/tos-alisg-avt-0068/e4e1f27d3a470f0de0ebc82d61fca405~tplv-tiktokx-cropcenter:100:100.jpeg?dr=10399&refresh_token=74877c79&x-expires=1757311200&x-signature=KQXGclN%2FojRBv%2F4lsHyoihyDujQ%3D&t=4d5b0474&ps=13740610&shp=a5d48078&shcp=81f88b70&idc=no1a,False,True,1,369,182,0,0,4330
7303071283003327493,maima17304,𝕞𝕒𝕚𝕜𝕒,https://p16-sign-sg.tiktokcdn.com/tos-alisg-avt-0068/0151fea0472574a2efce38f060a3e70c~tplv-tiktokx-cropcenter:1080:1080.jpeg?dr=10399&refresh_token=ca31013f&x-expires=1757311200&x-signature=CcO4oXPr9S5TGYjoUbhO7et1GGQ%3D&t=4d5b0474&ps=13740610&shp=a5d48078&shcp=81f88b70&idc=no1a,https://p16-sign-sg.tiktokcdn.com/tos-alisg-avt-0068/0151fea0472574a2efce38f060a3e70c~tplv-tiktokx-cropcenter:720:720.jpeg?dr=10399&refresh_token=57fe457c&x-expires=1757311200&x-signature=blNDOxFYUnepKEn8r46IBj%2FXhRA%3D&t=4d5b0474&ps=13740610&shp=a5d48078&shcp=81f88b70&idc=no1a,https://p16-sign-sg.tiktokcdn.com/tos-alisg-avt-0068/0151fea0472574a2efce38f060a3e70c~tplv-tiktokx-cropcenter:100:100.jpeg?dr=10399&refresh_token=f8f5920f&x-expires=1757311200&x-signature=qjpnV8UAN5UseotA1SpeW%2BmxBhQ%3D&t=4d5b0474&ps=13740610&shp=a5d48078&shcp=81f88b70&idc=no1a,False,True,62,128,0,0,0,2220
7190311916468356098,user7811130233622,レモンサワー🍋,https://p16-sign-sg.tiktokcdn.com/tos-alisg-avt-0068/f1ab37691ad51a9e129e17cd1cc37811~tplv-tiktokx-cropcenter:1080:1080.jpeg?dr=10399&refresh_token=0751aa1b&x-expires=1757311200&x-signature=KeQ6%2FQRAkdL8iAxWialxGRwVQZk%3D&t=4d5b0474&ps=13740610&shp=a5d48078&shcp=81f88b70&idc=no1a,https://p16-sign-sg.tiktokcdn.com/tos-alisg-avt-0068/f1ab37691ad51a9e129e17cd1cc37811~tplv-tiktokx-cropcenter:720:720.jpeg?dr=10399&refresh_token=decd6892&x-expires=1757311200&x-signature=QMqXu4yRn3551rLcmtWaCbhpuKM%3D&t=4d5b0474&ps=13740610&shp=a5d48078&shcp=81f88b70&idc=no1a,https://p16-sign-sg.tiktokcdn.com/tos-alisg-avt-0068/f1ab37691ad51a9e129e17cd1cc37811~tplv-tiktokx-cropcenter:100:100.jpeg?dr=10399&refresh_token=97c6254a&x-expires=1757311200&x-signature=jFoc3p3wbmKP70mZc1y8YX%2Bs7U8%3D&t=4d5b0474&ps=13740610&shp=a5d48078&shcp=81f88b70&idc=no1a,False,False,2232,1947,217,39700,0,49000
7027205731187704833,zvcmax,Max_finds 🎀,https://p16-sign-sg.tiktokcdn.com/tos-alisg-avt-0068/4e6198a606721d1f6e894307426576aa~tplv-tiktokx-cropcenter:1080:1080.jpeg?dr=10399&refresh_token=3cc25dd8&x-expires=1757311200&x-signature=ic1Z4e5YTeJ0570rhkEg%2FvH%2B2Ho%3D&t=4d5b0474&ps=13740610&shp=a5d48078&shcp=81f88b70&idc=no1a,https://p16-sign-sg.tiktokcdn.com/tos-alisg-avt-0068/4e6198a606721d1f6e894307426576aa~tplv-tiktokx-cropcenter:720:720.jpeg?dr=10399&refresh_token=fcf65456&x-expires=1757311200&x-signature=hRjdMFlKWI90H6kJDx3n6k8HgOk%3D&t=4d5b0474&ps=13740610&shp=a5d48078&shcp=81f88b70&idc=no1a,https://p16-sign-sg.tiktokcdn.com/tos-alisg-avt-0068/4e6198a606721d1f6e894307426576aa~tplv-tiktokx-cropcenter:100:100.jpeg?dr=10399&refresh_token=2adb80aa&x-expires=1757311200&x-signature=tSU86m045l9HGLuXkl1Un0brkEk%3D&t=4d5b0474&ps=13740610&shp=a5d48078&shcp=81f88b70&idc=no1a,False,False,3176,3722,1363,34300,0,10400
7506351813881693202,shaniee.cakes24,SYHSHIEEE(^_-),https://p16-sign-sg.tiktokcdn.com/tos-alisg-avt-0068/2f7508b0bcc0ea9cd1f0bfdf0e9f0283~tplv-tiktokx-cropcenter:1080:1080.jpeg?dr=10399&refresh_token=4bc61247&x-expires=1757311200&x-signature=d4JsTiTpCX9X7WGTleC2%2BEJESXk%3D&t=4d5b0474&ps=13740610&shp=a5d48078&shcp=81f88b70&idc=no1a,https://p16-sign-sg.tiktokcdn.com/tos-alisg-avt-0068/2f7508b0bcc0ea9cd1f0bfdf0e9f0283~tplv-tiktokx-cropcenter:720:720.jpeg?dr=10399&refresh_token=43cf68bc&x-expires=1757311200&x-signature=yfT93DVsBdTb%2FYdk%2FMpmwKxLB10%3D&t=4d5b0474&ps=13740610&shp=a5d48078&shcp=81f88b70&idc=no1a,https://p16-sign-sg.tiktokcdn.com/tos-alisg-avt-0068/2f7508b0bcc0ea9cd1f0bfdf0e9f0283~tplv-tiktokx-cropcenter:100:100.jpeg?dr=10399&refresh_token=70be6b22&x-expires=1757311200&x-signature=SaTwZA36v6Xq10MIq1sfaFNWfrE%3D&t=4d5b0474&ps=13740610&shp=a5d48078&shcp=81f88b70&idc=no1a,False,False,47,19,6,464,0,31800
7117511718817285121,pthdzntg2010,TuanHung👽‼️,https://p16-sign-sg.tiktokcdn.com/tos-alisg-avt-0068/b57dca75ed71216e310ce217624ce831~tplv-tiktokx-cropcenter:1080:1080.jpeg?dr=10399&refresh_token=dfcda9f1&x-expires=1757311200&x-signature=R9UwxuPsays5kDbDWn7Dl34JI9Y%3D&t=4d5b0474&ps=13740610&shp=a5d48078&shcp=81f88b70&idc=no1a,https://p9-sign-sg.tiktokcdn.com/tos-alisg-avt-0068/b57dca75ed71216e310ce217624ce831~tplv-tiktokx-cropcenter:720:720.jpeg?dr=10399&refresh_token=cc5abfff&x-expires=1757311200&x-signature=QuSH9v%2BTR0283te2TijRslpIITk%3D&t=4d5b0474&ps=13740610&shp=a5d48078&shcp=81f88b70&idc=no1a,https://p16-sign-sg.tiktokcdn.com/tos-alisg-avt-0068/b57dca75ed71216e310ce217624ce831~tplv-tiktokx-cropcenter:100:100.jpeg?dr=10399&refresh_token=4348fd2c&x-expires=1757311200&x-signature=9Ak1I9OzR0BWmNt7sh8vKWrnT7U%3D&t=4d5b0474&ps=13740610&shp=a5d48078&shcp=81f88b70&idc=no1a,False,True,31,352,0,0,0,2717
7260626128027845638,user814980456,nik,https://p16-sign-va.tiktokcdn.com/tos-maliva-avt-0068/7260626265920438277~tplv-tiktokx-cropcenter:1080:1080.jpeg?dr=10399&refresh_token=3831d8d3&x-expires=1757311200&x-signature=plJAlAK0rVUgcaU6WEbpW%2Bc%2Bwhw%3D&t=4d5b0474&ps=13740610&shp=a5d48078&shcp=81f88b70&idc=no1a,https://p16-sign-va.tiktokcdn.com/tos-maliva-avt-0068/7260626265920438277~tplv-tiktokx-cropcenter:720:720.jpeg?dr=10399&refresh_token=381b6376&x-expires=1757311200&x-signature=Gb4K7574b5SDYrS5sN8RGQhe2Lo%3D&t=4d5b0474&ps=13740610&shp=a5d48078&shcp=81f88b70&idc=no1a,https://p16-sign-va.tiktokcdn.com/tos-maliva-avt-0068/7260626265920438277~tplv-tiktokx-cropcenter:100:100.jpeg?dr=10399&refresh_token=a719b260&x-expires=1757311200&x-signature=NEgYR9RcQeRCXSbOQ0eJL5POl0U%3D&t=4d5b0474&ps=13740610&shp=a5d48078&shcp=81f88b70&idc=no1a,False,True,0,3,0,0,0,2
7387604794712130568,watty.hub14,Watty Hubb,https://p16-sign-sg.tiktokcdn.com/tos-alisg-avt-0068/73d831a3ea19e5eb3ae1773a3be199a0~tplv-tiktokx-cropcenter:1080:1080.jpeg?dr=10399&refresh_token=fbda374d&x-expires=1757311200&x-signature=Ei3d%2BLJrBy4zMpGZKn8RRda1q%2B0%3D&t=4d5b0474&ps=13740610&shp=a5d48078&shcp=81f88b70&idc=no1a,https://p16-sign-sg.tiktokcdn.com/tos-alisg-avt-0068/73d831a3ea19e5eb3ae1773a3be199a0~tplv-tiktokx-cropcenter:720:720.jpeg?dr=10399&refresh_token=88fe4431&x-expires=1757311200&x-signature=DW2dbVJ%2BLG%2BQGXGorhDPPRiOaJI%3D&t=4d5b0474&ps=13740610&shp=a5d48078&shcp=81f88b70&idc=no1a,https://p16-sign-sg.tiktokcdn.com/tos-alisg-avt-0068/73d831a3ea19e5eb3ae1773a3be199a0~tplv-tiktokx-cropcenter:100:100.jpeg?dr=10399&refresh_token=5bbdbf47&x-expires=1757311200&x-signature=OJQ8Zd%2FfDasBkzi0foq6TwSRKSg%3D&t=4d5b0474&ps=13740610&shp=a5d48078&shcp=81f88b70&idc=no1a,False,False,904,186,66,66200,0,2297
7453820485584651270,megannnnn48,xianne,https://p16-sign-sg.tiktokcdn.com/tos-alisg-avt-0068/826f79ef45e48f6eb1d194c099b5f19c~tplv-tiktokx-cropcenter:1080:1080.jpeg?dr=10399&refresh_token=ba9964c4&x-expires=1757311200&x-signature=J0QZ0G0rQPVjfYTYrcFCB%2BpPsQg%3D&t=4d5b0474&ps=13740610&shp=a5d48078&shcp=81f88b70&idc=no1a,https://p16-sign-sg.tiktokcdn.com/tos-alisg-avt-0068/826f79ef45e48f6eb1d194c099b5f19c~tplv-tiktokx-cropcenter:720:720.jpeg?dr=10399&refresh_token=38c12b9c&x-expires=1757311200&x-signature=nwC3f7%2BIjjoQelMca9rtGbcCI04%3D&t=4d5b0474&ps=13740610&shp=a5d48078&shcp=81f88b70&idc=no1a,https://p16-sign-sg.tiktokcdn.com/tos-alisg-avt-0068/826f79ef45e48f6eb1d194c099b5f19c~tplv-tiktokx-cropcenter:100:100.jpeg?dr=10399&refresh_token=8915381e&x-expires=1757311200&x-signature=gs479yY8nVfmE076PeGYsKCXFQY%3D&t=4d5b0474&ps=13740610&shp=a5d48078&shcp=81f88b70&idc=no1a,False,True,76,2134,0,0,0,2394
7162340946133746714,hahahahahahahaahahage,Ahri,https://p16-sign-sg.tiktokcdn.com/tos-alisg-avt-0068/2437c23e8e60388a921c87015e3f950f~tplv-tiktokx-cropcenter:1080:1080.jpeg?dr=10399&refresh_token=83a60252&x-expires=1757311200&x-signature=msyPxWpggeb%2BSBWJVZLyHXJELi4%3D&t=4d5b0474&ps=13740610&shp=a5d48078&shcp=81f88b70&idc=no1a,https://p16-sign-sg.tiktokcdn.com/tos-alisg-avt-0068/2437c23e8e60388a921c87015e3f950f~tplv-tiktokx-cropcenter:720:720.jpeg?dr=10399&refresh_token=e45dd2c2&x-expires=1757311200&x-signature=ZsDwWwbPLP2aDlQfVYf7dsKVNDw%3D&t=4d5b0474&ps=13740610&shp=a5d48078&shcp=81f88b70&idc=no1a,https://p16-sign-sg.tiktokcdn.com/tos-alisg-avt-0068/2437c23e8e60388a921c87015e3f950f~tplv-tiktokx-cropcenter:100:100.jpeg?dr=10399&refresh_token=562f3124&x-expires=1757311200&x-signature=plajs05WHiogPNOGZhc64IvdgxI%3D&t=4d5b0474&ps=13740610&shp=a5d48078&shcp=81f88b70&idc=no1a,False,False,291,1672,2,728,0,7054
6795526104293393410,emkyuuu15,Ella,https://p16-sign-va.tiktokcdn.com/tos-maliva-avt-0068/c747d208d64f9cb52c5c15c61cad4e15~tplv-tiktokx-cropcenter:1080:1080.jpeg?dr=10399&refresh_token=49aaadc2&x-expires=1757311200&x-signature=v%2BMHoLO5LGJAFihYkUTqrBuTEbI%3D&t=4d5b0474&ps=13740610&shp=a5d48078&shcp=81f88b70&idc=no1a,https://p16-sign-va.tiktokcdn.com/tos-maliva-avt-0068/c747d208d64f9cb52c5c15c61cad4e15~tplv-tiktokx-cropcenter:720:720.jpeg?dr=10399&refresh_token=6938f6b0&x-expires=1757311200&x-signature=E4Z7qsvHnzCURs0UM0AlQcdgMRs%3D&t=4d5b0474&ps=13740610&shp=a5d48078&shcp=81f88b70&idc=no1a,https://p16-sign-va.tiktokcdn.com/tos-maliva-avt-0068/c747d208d64f9cb52c5c15c61cad4e15~tplv-tiktokx-cropcenter:100:100.jpeg?dr=10399&refresh_token=427a8131&x-expires=1757311200&x-signature=Hx%2Ft1LZw%2BN46rEeP%2BQB%2FPC7%2Fh1o%3D&t=4d5b0474&ps=13740610&shp=a5d48078&shcp=81f88b70&idc=no1a,False,False,552,413,126,1634,0,52300
7449818239830049797,_pikcs,pixcs,https://p16-sign-va.tiktokcdn.com/tos-maliva-avt-0068/4322459c2a9f8d8f5ce07770db692827~tplv-tiktokx-cropcenter:1080:1080.jpeg?dr=10399&refresh_token=8b3ad4c2&x-expires=1757311200&x-signature=S2zJLmEv1SNYIlIZF%2BWVmy5WLFc%3D&t=4d5b0474&ps=13740610&shp=a5d48078&shcp=81f88b70&idc=no1a,https://p58-sign-va.tiktokcdn.com/tos-maliva-avt-0068/4322459c2a9f8d8f5ce07770db692827~tplv-tiktokx-cropcenter:720:720.jpeg?dr=10399&refresh_token=882ff2c0&x-expires=1757311200&x-signature=AQCbf5c3B3PpAID0fEyh1Yy0KkY%3D&t=4d5b0474&ps=13740610&shp=a5d48078&shcp=81f88b70&idc=no1a,https://p16-sign-va.tiktokcdn.com/tos-maliva-avt-0068/4322459c2a9f8d8f5ce07770db692827~tplv-tiktokx-cropcenter:100:100.jpeg?dr=10399&refresh_token=612e4111&x-expires=1757311200&x-signature=%2FdPhSawV%2BmItaCuyMotTkTiO7bU%3D&t=4d5b0474&ps=13740610&shp=a5d48078&shcp=81f88b70&idc=no1a,False,False,94,662,4,968,0,30100
7164356216964514862,christinaclark809,💜TiNA MARiE💜,https://p16-sign-va.tiktokcdn.com/tos-maliva-avt-0068/67b7cdbc6e8670c2a3b722fed5941269~tplv-tiktokx-cropcenter:1080:1080.jpeg?dr=10399&refresh_token=855d9574&x-expires=1757311200&x-signature=uDowOkc5IwQC0jDPjvIqID9rDCk%3D&t=4d5b0474&ps=13740610&shp=a5d48078&shcp=81f88b70&idc=no1a,https://p16-sign-va.tiktokcdn.com/tos-maliva-avt-0068/67b7cdbc6e8670c2a3b722fed5941269~tplv-tiktokx-cropcenter:720:720.jpeg?dr=10399&refresh_token=795766fb&x-expires=1757311200&x-signature=2oTk%2FHZAv8DW9HSsOK5BED1IDMY%3D&t=4d5b0474&ps=13740610&shp=a5d48078&shcp=81f88b70&idc=no1a,https://p16-sign-va.tiktokcdn.com/tos-maliva-avt-0068/67b7cdbc6e8670c2a3b722fed5941269~tplv-tiktokx-cropcenter:100:100.jpeg?dr=10399&refresh_token=722e2a1c&x-expires=1757311200&x-signature=%2FMOcxEdez%2BvnrxADY68e98%2FzKOE%3D&t=4d5b0474&ps=13740610&shp=a5d48078&shcp=81f88b70&idc=no1a,False,False,35,168,4,19,0,64
6594439631226339334,anaben2005,Масяня,https://p16-sign-sg.tiktokcdn.com/tos-alisg-avt-0068/b108256256a8dbfe6ff711b78e91f4df~tplv-tiktokx-cropcenter:1080:1080.jpeg?dr=10399&refresh_token=d7b7fbc4&x-expires=1757311200&x-signature=lXG%2BQ2hKIegUc8sXO%2B2yj5vJgB4%3D&t=4d5b0474&ps=13740610&shp=a5d48078&shcp=81f88b70&idc=no1a,https://p16-sign-sg.tiktokcdn.com/tos-alisg-avt-0068/b108256256a8dbfe6ff711b78e91f4df~tplv-tiktokx-cropcenter:720:720.jpeg?dr=10399&refresh_token=834d6c3c&x-expires=1757311200&x-signature=wDXVRJawT7HjBTKXtaBn94rr9lU%3D&t=4d5b0474&ps=13740610&shp=a5d48078&shcp=81f88b70&idc=no1a,https://p16-sign-sg.tiktokcdn.com/tos-alisg-avt-0068/b108256256a8dbfe6ff711b78e91f4df~tplv-tiktokx-cropcenter:100:100.jpeg?dr=10399&refresh_token=69913de2&x-expires=1757311200&x-signature=oUDIanAn%2FiolyNWi%2BW4GUX6QDe8%3D&t=4d5b0474&ps=13740610&shp=a5d48078&shcp=81f88b70&idc=no1a,False,False,138,776,76,1241,0,42100
7061943772054209542,ninucalasareishvili,ninuca♎❤️,https://p16-sign-sg.tiktokcdn.com/tos-alisg-avt-0068/04f9185b372534a5a487d298401b538e~tplv-tiktokx-cropcenter:1080:1080.jpeg?dr=10399&refresh_token=f6a75e0b&x-expires=1757311200&x-signature=5ZZy080cUaqm5H4mOqKdkeXuJDk%3D&t=4d5b0474&ps=13740610&shp=a5d48078&shcp=81f88b70&idc=no1a,https://p16-sign-sg.tiktokcdn.com/tos-alisg-avt-0068/04f9185b372534a5a487d298401b538e~tplv-tiktokx-cropcenter:720:720.jpeg?dr=10399&refresh_token=113e9468&x-expires=1757311200&x-signature=Kv1t3HetltTfMUg8bIROd3iqPO0%3D&t=4d5b0474&ps=13740610&shp=a5d48078&shcp=81f88b70&idc=no1a,https://p16-sign-sg.tiktokcdn.com/tos-alisg-avt-0068/04f9185b372534a5a487d298401b538e~tplv-tiktokx-cropcenter:100:100.jpeg?dr=10399&refresh_token=55601346&x-expires=1757311200&x-signature=SzKeT7S3KMa3ZsYAECuAb2U43qw%3D&t=4d5b0474&ps=13740610&shp=a5d48078&shcp=81f88b70&idc=no1a,False,False,44,240,0,0,0,28800
7266122442049225729,loly24102015,لَارِيــــنِ؟🌹,https://p16-sign-sg.tiktokcdn.com/tos-alisg-avt-0068/00233fe5c971c46e5fee0b9778835a5b~tplv-tiktokx-cropcenter:1080:1080.jpeg?dr=10399&refresh_token=7f0bc9ec&x-expires=1757311200&x-signature=7sbrMRTCTJZ5gk94ihGb6qyV4Xs%3D&t=4d5b0474&ps=13740610&shp=a5d48078&shcp=81f88b70&idc=no1a,https://p16-sign-sg.tiktokcdn.com/tos-alisg-avt-0068/00233fe5c971c46e5fee0b9778835a5b~tplv-tiktokx-cropcenter:720:720.jpeg?dr=10399&refresh_token=986e7279&x-expires=1757311200&x-signature=kf4u6YtDO1jn%2BWMopfj%2B3qZgbbA%3D&t=4d5b0474&ps=13740610&shp=a5d48078&shcp=81f88b70&idc=no1a,https://p16-sign-sg.tiktokcdn.com/tos-alisg-avt-0068/00233fe5c971c46e5fee0b9778835a5b~tplv-tiktokx-cropcenter:100:100.jpeg?dr=10399&refresh_token=8864ca83&x-expires=1757311200&x-signature=soQxtiGQ6ElUtu%2FpAyHlnJVqDZg%3D&t=4d5b0474&ps=13740610&shp=a5d48078&shcp=81f88b70&idc=no1a,False,True,89,504,142,1413,0,8075
7376882360929076230,carwinna_,Carwinna_,https://p16-sign-sg.tiktokcdn.com/tos-alisg-avt-0068/a4a3d636480b4a354aea7bda2c93746c~tplv-tiktokx-cropcenter:1080:1080.jpeg?dr=10399&refresh_token=49114d90&x-expires=1757311200&x-signature=vWBUUiE01SIe%2FxHms5wciJJBtnQ%3D&t=4d5b0474&ps=13740610&shp=a5d48078&shcp=81f88b70&idc=no1a,https://p16-sign-sg.tiktokcdn.com/tos-alisg-avt-0068/a4a3d636480b4a354aea7bda2c93746c~tplv-tiktokx-cropcenter:720:720.jpeg?dr=10399&refresh_token=9d71eb95&x-expires=1757311200&x-signature=ggqvAxpIDB9obBxGVAKwPug2MOk%3D&t=4d5b0474&ps=13740610&shp=a5d48078&shcp=81f88b70&idc=no1a,https://p16-sign-sg.tiktokcdn.com/tos-alisg-avt-0068/a4a3d636480b4a354aea7bda2c93746c~tplv-tiktokx-cropcenter:100:100.jpeg?dr=10399&refresh_token=f04c5f98&x-expires=1757311200&x-signature=ktil4ScUthgGNVEZizpFY9xUwwQ%3D&t=4d5b0474&ps=13740610&shp=a5d48078&shcp=81f88b70&idc=no1a,False,True,24,257,0,0,0,15100
7328008186018546694,ysabelle_.oicatus,yanasaur 🦖,https://p16-sign-va.tiktokcdn.com/tos-maliva-avt-0068/78685ac3968c787aec4ccf12218e71f3~tplv-tiktokx-cropcenter:1080:1080.jpeg?dr=10399&refresh_token=ab95982c&x-expires=1757311200&x-signature=OD0ZVle07XQDXCmdL5Vler911wA%3D&t=4d5b0474&ps=13740610&shp=a5d48078&shcp=81f88b70&idc=no1a,https://p16-sign-va.tiktokcdn.com/tos-maliva-avt-0068/78685ac3968c787aec4ccf12218e71f3~tplv-tiktokx-cropcenter:720:720.jpeg?dr=10399&refresh_token=94706737&x-expires=1757311200&x-signature=Ec%2BolsCkuFqkLeArkQLGab%2FeWU0%3D&t=4d5b0474&ps=13740610&shp=a5d48078&shcp=81f88b70&idc=no1a,https://p16-sign-va.tiktokcdn.com/tos-maliva-avt-0068/78685ac3968c787aec4ccf12218e71f3~tplv-tiktokx-cropcenter:100:100.jpeg?dr=10399&refresh_token=5e6a9c2d&x-expires=1757311200&x-signature=MdrBoObowDBxG2zcmxWNsnE%2BK2E%3D&t=4d5b0474&ps=13740610&shp=a5d48078&shcp=81f88b70&idc=no1a,False,True,43,76,4,52,0,8074
6836656866362344450,mitch_michelle01,mitch,https://p16-sign-sg.tiktokcdn.com/tos-alisg-avt-0068/7b98acb665e6ba6d9a3981494e6a1af8~tplv-tiktokx-cropcenter:1080:1080.jpeg?dr=10399&refresh_token=35169d13&x-expires=1757311200&x-signature=mxlL99pixdJTWcO2xzo%2B5FKB3gI%3D&t=4d5b0474&ps=13740610&shp=a5d48078&shcp=81f88b70&idc=no1a,https://p16-sign-sg.tiktokcdn.com/tos-alisg-avt-0068/7b98acb665e6ba6d9a3981494e6a1af8~tplv-tiktokx-cropcenter:720:720.jpeg?dr=10399&refresh_token=0ab181d3&x-expires=1757311200&x-signature=G4WOzR6dMNt%2BzQ6MRGN24wxZUAk%3D&t=4d5b0474&ps=13740610&shp=a5d48078&shcp=81f88b70&idc=no1a,https://p16-sign-sg.tiktokcdn.com/tos-alisg-avt-0068/7b98acb665e6ba6d9a3981494e6a1af8~tplv-tiktokx-cropcenter:100:100.jpeg?dr=10399&refresh_token=713f802b&x-expires=1757311200&x-signature=xqlT1foBkgm77HvT6JMB7oWrWdU%3D&t=4d5b0474&ps=13740610&shp=a5d48078&shcp=81f88b70&idc=no1a,False,False,18700,903,68,21800,0,59800
7050854233876595718,kalie_2015,Nicky,https://p16-sign-va.tiktokcdn.com/tos-maliva-avt-0068/6aee54c784f9d4db748f366d832dac1d~tplv-tiktokx-cropcenter:1080:1080.jpeg?dr=10399&refresh_token=e9687508&x-expires=1757311200&x-signature=aaQM3343diS9uurOFB2k55Uyffo%3D&t=4d5b0474&ps=13740610&shp=a5d48078&shcp=81f88b70&idc=no1a,https://p16-sign-va.tiktokcdn.com/tos-maliva-avt-0068/6aee54c784f9d4db748f366d832dac1d~tplv-tiktokx-cropcenter:720:720.jpeg?dr=10399&refresh_token=1ef26767&x-expires=1757311200&x-signature=%2F3zfTC56FhMa9bD2AVPcAZ3N8rg%3D&t=4d5b0474&ps=13740610&shp=a5d48078&shcp=81f88b70&idc=no1a,https://p16-sign-va.tiktokcdn.com/tos-maliva-avt-0068/6aee54c784f9d4db748f366d832dac1d~tplv-tiktokx-cropcenter:100:100.jpeg?dr=10399&refresh_token=af5f2891&x-expires=1757311200&x-signature=0dm4NpK3QuOktWZs7%2BQS2XQLT3E%3D&t=4d5b0474&ps=13740610&shp=a5d48078&shcp=81f88b70&idc=no1a,False,True,132,616,0,17,0,22700
6967899878949372933,_lopez_ivana_,nati,https://p16-sign-sg.tiktokcdn.com/tos-alisg-avt-0068/7d8540bf292c21460e1f775a5bcd6dbf~tplv-tiktokx-cropcenter:1080:1080.jpeg?dr=10399&refresh_token=1318609b&x-expires=1757311200&x-signature=Qa6YGMqcb2d1KgOUSwHABWSFuH4%3D&t=4d5b0474&ps=13740610&shp=a5d48078&shcp=81f88b70&idc=no1a,https://p16-sign-sg.tiktokcdn.com/tos-alisg-avt-0068/7d8540bf292c21460e1f775a5bcd6dbf~tplv-tiktokx-cropcenter:720:720.jpeg?dr=10399&refresh_token=433f7665&x-expires=1757311200&x-signature=pjvpL7lNL8mr%2BRVzTeJPYesIgRQ%3D&t=4d5b0474&ps=13740610&shp=a5d48078&shcp=81f88b70&idc=no1a,https://p16-sign-sg.tiktokcdn.com/tos-alisg-avt-0068/7d8540bf292c21460e1f775a5bcd6dbf~tplv-tiktokx-cropcenter:100:100.jpeg?dr=10399&refresh_token=68787325&x-expires=1757311200&x-signature=ZhK3Axr4ZbSneWy4yPnLzv07mwg%3D&t=4d5b0474&ps=13740610&shp=a5d48078&shcp=81f88b70&idc=no1a,False,False,105,2886,1,17,0,626
6789698187968922630,hanlw_x,Hannah,https://p16-sign-va.tiktokcdn.com/tos-maliva-avt-0068/96cf4de6b46bdccd730c2c9fdc3b9576~tplv-tiktokx-cropcenter:1080:1080.jpeg?dr=10399&refresh_token=4e520285&x-expires=1757311200&x-signature=ji1bm5Q735rwAsaFcF94Y18j8aA%3D&t=4d5b0474&ps=13740610&shp=a5d48078&shcp=81f88b70&idc=no1a,https://p16-sign-va.tiktokcdn.com/tos-maliva-avt-0068/96cf4de6b46bdccd730c2c9fdc3b9576~tplv-tiktokx-cropcenter:720:720.jpeg?dr=10399&refresh_token=a6728816&x-expires=1757311200&x-signature=tYwlQ1piICJ%2FCfsJvq7XSZiml5w%3D&t=4d5b0474&ps=13740610&shp=a5d48078&shcp=81f88b70&idc=no1a,https://p16-sign-va.tiktokcdn.com/tos-maliva-avt-0068/96cf4de6b46bdccd730c2c9fdc3b9576~tplv-tiktokx-cropcenter:100:100.jpeg?dr=10399&refresh_token=060186b5&x-expires=1757311200&x-signature=w1qx9W3P%2BzudwFhT0LtCKRYawms%3D&t=4d5b0474&ps=13740610&shp=a5d48078&shcp=81f88b70&idc=no1a,False,True,152,144,2,74,0,43200
6592736792087101446,raajvimamu,Jyoti,https://p16-sign-sg.tiktokcdn.com/tos-alisg-avt-0068/86ca09abf6c9d442969e546e582d0280~tplv-tiktokx-cropcenter:1080:1080.jpeg?dr=10399&refresh_token=a2a54e23&x-expires=1757311200&x-signature=QgaBVGu%2BGFwh7DS%2F7rY6xN4f5kA%3D&t=4d5b0474&ps=13740610&shp=a5d48078&shcp=81f88b70&idc=no1a,https://p16-sign-sg.tiktokcdn.com/tos-alisg-avt-0068/86ca09abf6c9d442969e546e582d0280~tplv-tiktokx-cropcenter:720:720.jpeg?dr=10399&refresh_token=18508fef&x-expires=1757311200&x-signature=35I5q9u8i0iJgB8k6M%2BXNH8VJtw%3D&t=4d5b0474&ps=13740610&shp=a5d48078&shcp=81f88b70&idc=no1a,https://p16-sign-sg.tiktokcdn.com/tos-alisg-avt-0068/86ca09abf6c9d442969e546e582d0280~tplv-tiktokx-cropcenter:100:100.jpeg?dr=10399&refresh_token=0678492e&x-expires=1757311200&x-signature=xGk0A0sOl%2F%2BUa%2FWzpofnl3HtKXQ%3D&t=4d5b0474&ps=13740610&shp=a5d48078&shcp=81f88b70&idc=no1a,False,True,67,26,13,404,0,1667
7503157278184489985,hn.hong303,tôi  là  thỏ,https://p16-sign-sg.tiktokcdn.com/tos-alisg-avt-0068/a8e23f433ba72125ac51fc469096400e~tplv-tiktokx-cropcenter:1080:1080.jpeg?dr=10399&refresh_token=dc61c937&x-expires=1757311200&x-signature=XM3bWZ4rdsk%2F62CdCBO9Hy6aT24%3D&t=4d5b0474&ps=13740610&shp=a5d48078&shcp=81f88b70&idc=no1a,https://p16-sign-sg.tiktokcdn.com/tos-alisg-avt-0068/a8e23f433ba72125ac51fc469096400e~tplv-tiktokx-cropcenter:720:720.jpeg?dr=10399&refresh_token=ef125698&x-expires=1757311200&x-signature=9cYnXDWWiQA8FrEBvdTDgbI%2B86M%3D&t=4d5b0474&ps=13740610&shp=a5d48078&shcp=81f88b70&idc=no1a,https://p16-sign-sg.tiktokcdn.com/tos-alisg-avt-0068/a8e23f433ba72125ac51fc469096400e~tplv-tiktokx-cropcenter:100:100.jpeg?dr=10399&refresh_token=23031802&x-expires=1757311200&x-signature=G5tBbfh3bznm%2Bx%2BXCNHxK7TsRBc%3D&t=4d5b0474&ps=13740610&shp=a5d48078&shcp=81f88b70&idc=no1a,False,False,13,215,46,54,0,539
6790272211849675781,meowk_027,🎀,https://p16-sign-sg.tiktokcdn.com/tos-alisg-avt-0068/01ddc9a3f69975aa131ae9173c49d7b7~tplv-tiktokx-cropcenter:1080:1080.jpeg?dr=10399&refresh_token=d48cc7ad&x-expires=1757311200&x-signature=bctWxfA0Ih63BWyEK7c%2FyKFWI68%3D&t=4d5b0474&ps=13740610&shp=a5d48078&shcp=81f88b70&idc=no1a,https://p16-sign-sg.tiktokcdn.com/tos-alisg-avt-0068/01ddc9a3f69975aa131ae9173c49d7b7~tplv-tiktokx-cropcenter:720:720.jpeg?dr=10399&refresh_token=f7073c7b&x-expires=1757311200&x-signature=Dyqqsq1qX59yTcm%2B75EWGVf7OeU%3D&t=4d5b0474&ps=13740610&shp=a5d48078&shcp=81f88b70&idc=no1a,https://p16-sign-sg.tiktokcdn.com/tos-alisg-avt-0068/01ddc9a3f69975aa131ae9173c49d7b7~tplv-tiktokx-cropcenter:100:100.jpeg?dr=10399&refresh_token=3ffd9543&x-expires=1757311200&x-signature=q6RfNRfoHtLT8XJ6kgXRNMw5Gf8%3D&t=4d5b0474&ps=13740610&shp=a5d48078&shcp=81f88b70&idc=no1a,False,False,473,60,1,3557,0,6634
7034305907656885254,kimm____00,Kim,https://p16-sign-va.tiktokcdn.com/tos-maliva-avt-0068/a11618f0b7010543aea8f4b0b8aefc8b~tplv-tiktokx-cropcenter:1080:1080.jpeg?dr=10399&refresh_token=75394127&x-expires=1757311200&x-signature=xj39leGJb32CDk6ETaovZtgPI7w%3D&t=4d5b0474&ps=13740610&shp=a5d48078&shcp=81f88b70&idc=no1a,https://p16-sign-va.tiktokcdn.com/tos-maliva-avt-0068/a11618f0b7010543aea8f4b0b8aefc8b~tplv-tiktokx-cropcenter:720:720.jpeg?dr=10399&refresh_token=cc033b9f&x-expires=1757311200&x-signature=F8Mho4c5ghu%2BcWdFLbv7iPQ7oGU%3D&t=4d5b0474&ps=13740610&shp=a5d48078&shcp=81f88b70&idc=no1a,https://p16-sign-va.tiktokcdn.com/tos-maliva-avt-0068/a11618f0b7010543aea8f4b0b8aefc8b~tplv-tiktokx-cropcenter:100:100.jpeg?dr=10399&refresh_token=4bdc9e0a&x-expires=1757311200&x-signature=t7rrpVGmul0SFD39CywPFWDdFx0%3D&t=4d5b0474&ps=13740610&shp=a5d48078&shcp=81f88b70&idc=no1a,False,True,282,1741,0,13,0,424600
